{"CE": {"0": [426.6521301269531, 244.07388305664062, 119.00531005859375, 48.5503044128418], "1": [21.0, 142.0, 16.0, 54.0], "2": [210.87803649902344, 23.819652557373047, 132.7645263671875, 19.03092384338379], "3": [211.3049774169922, 278.4150695800781, 57.619205474853516, 12.700143814086914], "4": [256.919189453125, 152.67056274414062, 457.1252746582031, 239.62599182128906], "5": [211.23428344726562, 139.62913513183594, 299.8679504394531, 208.24905395507812], "6": [[78.54031494140625, 256.81518606180487, 10.64, 11.177825266040555], [132.59427429199218, 257.5630505332264, 17.6, 14.84170354651945], [195.1657000732422, 276.596070041328, 25.76, 13.16699422243428], [240.20402893066407, 257.7659200788978, 18.400000000000002, 14.04754899603754], [241.41203247070314, 257.76683229995047, 14.72, 15.7178785992464], [294.74246582031253, 257.8340704734493, 18.400000000000002, 14.01297282759819], [346.8454699707031, 257.37608823731193, 26.0, 17.685265845711786], [23.057946014404298, 149.0071300599391, 6.6, 28.95157701440943], [43.66043838500977, 121.31732686952179, 18.400000000000002, 14.748602207821666]], "7": [[368.98193359375, 245.86952209472656, 39.1685791015625, 16.693174362182617], [369.01025390625, 222.95372009277344, 39.05341339111328, 17.06207847595215]], "8": [[446.0, 250.0, 62.0, 18.0], [435.0, 227.0, 36.0, 16.0]]}, "KP": {"2.png": [[[77, 46], [87, 48], [89, 47], [97, 50], [100, 52], [102, 50], [123, 54], [129, 56], [131, 55], [152, 61], [157, 61], [176, 65], [181, 61], [183, 66], [188, 66], [205, 70], [207, 71], [222, 74], [235, 75], [244, 77], [253, 78], [257, 82], [260, 80], [274, 83], [275, 83], [288, 86], [294, 87], [317, 91], [318, 91], [338, 96], [344, 96]], [[76, 227], [77, 227], [93, 221], [94, 221], [99, 219], [103, 219], [104, 219], [124, 221], [127, 220], [129, 221], [130, 220], [153, 217], [172, 213], [183, 211], [183, 211], [184, 212], [205, 221], [211, 221], [212, 221], [234, 217], [237, 218], [240, 218], [241, 216], [264, 210], [264, 209], [267, 210], [287, 201], [287, 201], [291, 201], [308, 202], [316, 202], [323, 202], [343, 192]]]}}