{"CE": {"0": [617.5438232421875, 106.48468780517578, 701.3624877929688, 69.31257629394531], "1": [30.0, 351.0, 28.0, 130.0], "2": [528.5607299804688, 40.58759307861328, 113.5123519897461, 40.14576721191406], "3": [528.364013671875, 668.8636474609375, 51.254329681396484, 20.67284393310547], "4": [510.1579284667969, 359.58203125, 938.656494140625, 597.3658447265625], "5": [527.6287231445312, 344.9208068847656, 903.8462524414062, 568.7166748046875], "6": [[118.23157287597657, 642.3378022443161, 10.92, 13.808393933375484], [281.4803161621094, 643.4877099373482, 25.919999999999998, 19.983893894609032], [446.2027893066406, 642.9592041665757, 25.919999999999998, 18.811642261328196], [610.7952880859375, 643.6847828441336, 25.919999999999998, 20.16244254308618], [774.9800415039062, 643.143188139823, 25.919999999999998, 18.920535252728136], [939.4504663085937, 642.3004845102156, 38.279999999999994, 22.494881482871897], [59.92882354736328, 604.8826600725365, 25.919999999999998, 18.842963271440084], [60.46361267089844, 511.5893096586173, 27.0, 20.042955872059327], [59.93017395019531, 417.18421262888563, 25.919999999999998, 20.019923916101074], [59.849672393798826, 229.23759784489073, 25.919999999999998, 20.093367243559285], [59.957685546875, 135.34057676211876, 25.919999999999998, 20.06323291892237]], "7": [[509.6222839355469, 108.11398315429688, 52.563053131103516, 23.795696258544922], [754.8656616210938, 77.03629302978516, 52.396942138671875, 23.7628231048584], [272.32012939453125, 108.2033462524414, 52.57204818725586, 23.692102432250977], [754.73876953125, 108.22540283203125, 52.520999908447266, 23.76093101501465], [272.5212097167969, 77.04179382324219, 52.53670120239258, 23.719749450683594], [509.56402587890625, 76.96842193603516, 52.58705139160156, 23.793109893798828]], "8": [[639.5, 122.0, 135.0, 28.0], [886.0, 90.5, 136.0, 29.0], [400.0, 120.5, 128.0, 29.0], [868.0, 122.0, 100.0, 28.0], [369.0, 90.0, 66.0, 24.0], [596.0, 89.0, 48.0, 26.0]]}, "KP": {"1.png": [[[220, 126], [322, 206], [416, 262], [424, 271], [527, 319], [732, 409], [835, 460], [937, 549]], [[117, 97], [220, 145], [301, 178], [322, 192], [322, 189], [425, 236], [527, 273], [630, 307], [733, 336], [835, 363], [937, 447]], [[117, 474], [207, 445], [219, 443], [311, 444], [322, 445], [424, 481], [527, 552], [629, 603], [732, 604]], [[116, 510], [219, 502], [235, 502], [322, 503], [424, 511], [424, 508], [527, 530], [630, 554], [726, 582], [732, 588], [834, 605], [835, 604], [937, 604], [937, 604]], [[117, 602], [219, 553], [322, 532], [527, 497], [527, 496], [630, 453], [732, 458], [834, 401], [834, 400], [938, 373]], [[117, 86], [117, 86], [219, 131], [220, 133], [424, 244], [527, 297], [629, 347], [630, 343], [630, 347], [733, 400], [834, 453], [937, 507]]]}}